model_name,epochs,batch_size,loss,mse,mape,training_time,activation,optimizer,loss_function,dropout,recurrent_dropout
RNN,30,14,1.720693826675415,0.0012048006756231189,1.720693826675415,50.43196105957031,relu,adam,mape,0,0
LSTM,30,14,3.917285919189453,0.004730803892016411,3.917285919189453,73.04090332984924,relu,adam,mape,0,0
GRU,30,14,1.5922375917434692,0.0010600396199151874,1.5922375917434692,81.03648710250854,relu,adam,mape,0,0
