model_name,epochs,batch_size,loss,mse,mape,training_time,activation,optimizer,loss_function,dropout,recurrent_dropout
RNN,30,14,0.0019553794991225004,0.0019553794991225004,2.337702512741089,51.04169487953186,relu,adam,mse,0,0
LSTM,30,14,0.014454898424446583,0.014454898424446583,6.328667163848877,82.72044277191162,relu,adam,mse,0,0
GRU,30,14,0.0012592118000611663,0.0012592118000611663,1.769953966140747,78.16925525665283,relu,adam,mse,0,0
